id,user_name,user_location,user_description,user_created,user_followers,user_friends,user_favourites,user_verified,date,text,hashtags,source,retweets,favorites,is_retweet
1,user_turmmoif,Location_26,Description_rropavgbeitm,2013-07-08 19:24:04,8595,3739,876,False,2023-02-07 19:25:19,Sample tweet text mephxfsefsjwurbyiznf,,Twitter Web App,861,21,False
2,user_edxkbpvd,Location_53,Description_glxvtpghtnua,2006-04-05 16:33:15,2415,2563,698,True,2014-09-04 23:42:07,Sample tweet text awgbdypsydqdioqbfdbm,#hashtag2,Twitter Web App,961,229,False
3,user_gbgpxmxy,Location_56,Description_jlkdwielsmvy,2017-01-27 05:43:13,4179,166,226,True,2017-11-05 11:16:50,Sample tweet text vnidzgsoplsdnlzgmqfw,,Twitter Web App,312,120,True
4,user_cdreszsb,Location_17,Description_rgukjigdrfxc,2022-10-08 03:04:14,6502,3736,596,False,2024-09-15 13:15:21,Sample tweet text ydqyluomynhrlewdyenn,#hashtag1,Twitter Web App,415,39,True
5,user_sgcymmtn,Location_60,Description_rewvjgjdavyc,2003-12-20 05:48:45,6873,1231,103,True,2017-07-23 21:38:10,Sample tweet text kqmemfhecvphbpehqjxk,#hashtag2,Twitter Web App,150,459,False
6,user_laopsure,Location_41,Description_siawsmvxgofc,2012-08-16 19:59:24,6690,4669,639,True,2019-10-25 12:10:29,Sample tweet text iftypnzhyzospbpguwdq,#hashtag3,Twitter for iPhone,683,402,False
7,user_orlfzswe,Location_33,Description_qxzyyvqexurh,2021-06-23 13:29:28,1514,4914,372,True,2023-08-18 23:31:38,Sample tweet text imrebxxbclzavwfdonck,,Twitter Web App,724,497,True
8,user_aweketws,Location_47,Description_qfcclififxoz,2013-02-26 05:05:12,2293,1714,670,True,2017-10-01 21:40:36,Sample tweet text axkzckntlerigvbvdvpc,#hashtag3,Twitter for Android,329,241,False
9,user_svupviur,Location_29,Description_uoxjetodazid,2006-02-08 12:10:26,9044,3687,996,True,2011-03-17 04:09:50,Sample tweet text fbwxbwjxlcchwtzvqsqp,#hashtag2,Twitter for Android,280,490,True
10,user_buyquycq,Location_54,Description_hnzyxldbpnum,2019-01-02 17:16:44,4164,304,930,False,2021-10-21 06:35:17,Sample tweet text cxfcqzxemwxwhbwbnnvz,#hashtag1,Twitter for Android,252,277,True
11,user_usasauga,Location_89,Description_kvnfxgchcyrj,2004-08-24 13:47:32,4852,53,54,False,2023-03-09 23:22:09,Sample tweet text zewuqalsqwkmkvbdiath,#hashtag1,Twitter for Android,383,473,False
12,user_mipqwfzc,Location_98,Description_ugraovzfrmtv,2021-06-03 23:12:39,8939,1449,15,True,2024-07-17 02:51:53,Sample tweet text tdulzrstdsdvoyyquube,#hashtag2,Twitter Web App,17,482,False
13,user_lgmqtpzv,Location_85,Description_gjortyevxrqs,2019-09-21 05:51:46,1510,2808,625,False,2024-06-25 16:29:22,Sample tweet text zeqrhppmhurrnczjercb,#hashtag2,Twitter for iPhone,86,176,False
14,user_oamtbhfz,Location_89,Description_ffhjfrllsjnu,2009-07-30 17:39:56,8417,3479,794,False,2019-07-08 14:56:15,Sample tweet text bocsdwirngtebalvifos,,Twitter for Android,319,127,False
15,user_essrljtb,Location_85,Description_dyukiqntwbfd,2011-10-26 05:44:13,9454,4124,673,False,2018-12-04 01:21:18,Sample tweet text wogywtwzdriqmynbkdfp,#hashtag3,Twitter for Android,248,412,True
16,user_yjbqzrgz,Location_6,Description_iqshfwcxfybw,2006-06-22 19:27:56,3271,2265,264,False,2008-03-17 16:44:42,Sample tweet text cbjtpjzfdatqrcvyflvw,#hashtag1,Twitter Web App,131,160,False
17,user_hesjyzdp,Location_73,Description_wuonnjlqruvd,2016-09-17 22:43:31,2800,293,993,False,2023-10-31 20:25:15,Sample tweet text sdlfmokltrwytaxpqcha,#hashtag2,Twitter for Android,104,64,True
18,user_kdosntyu,Location_82,Description_mkdeophhfmsp,2008-10-22 09:36:47,2320,2070,901,False,2017-01-17 08:30:27,Sample tweet text vkuertybammfhtnfvcoh,#hashtag1,Twitter Web App,69,409,False
19,user_gnqwdxiw,Location_67,Description_scnbhwqazwlm,2012-11-07 06:21:17,3078,3753,823,True,2022-07-24 06:54:05,Sample tweet text zvboejczvkyjimnwqnok,#hashtag3,Twitter Web App,328,223,False
20,user_gnhybzuw,Location_83,Description_xbiuggjctpnh,2000-01-15 20:02:26,7971,857,764,True,2023-01-15 00:57:44,Sample tweet text czhlakhvtyjcrqltyrwc,#hashtag2,Twitter for Android,270,323,True
21,user_ktrlwyxx,Location_64,Description_tcwdwssovujs,2004-01-09 08:36:17,9310,2354,831,False,2005-02-01 00:34:10,Sample tweet text eavwftlybztepctgwjkj,#hashtag1,Twitter Web App,374,183,True
22,user_inwmtros,Location_71,Description_wvaxsclgssnz,2007-11-11 11:08:53,1967,157,442,True,2021-03-03 08:39:46,Sample tweet text mkvpfdsyrrcedyxixiyd,,Twitter for Android,903,52,False
23,user_cabjircr,Location_16,Description_zcuhatwebtwy,2013-09-27 23:06:36,8335,2755,397,False,2014-12-22 20:15:32,Sample tweet text emitpdcaogpukwmhjnxa,#hashtag1,Twitter Web App,257,216,False
24,user_xuhzbxrv,Location_58,Description_zemxmnpzbjlj,2020-02-13 14:06:12,7226,2796,291,False,2023-03-14 03:52:38,Sample tweet text isrwtpvkijsiksbrtqly,,Twitter for Android,859,469,False
25,user_wvfwwnfb,Location_80,Description_ualmfdkcntei,2013-01-21 19:33:27,1914,2899,585,False,2017-01-03 14:47:50,Sample tweet text ckyodjhafclluowqueit,#hashtag1,Twitter Web App,427,287,False
26,user_jcxibgtl,Location_35,Description_rjvwvwzplxwm,2022-08-18 16:29:40,6569,2032,127,False,2023-09-25 05:19:55,Sample tweet text zxinklpzjdafkqhdpjsu,#hashtag3,Twitter for Android,294,294,False
27,user_vlerfxhs,Location_23,Description_ouwkzeyyndpy,2003-04-09 06:52:11,651,3751,119,True,2018-08-12 11:13:46,Sample tweet text dbzbttvrjfudtsszsfco,,Twitter for Android,643,347,True
28,user_pfwakuzo,Location_77,Description_vpeplgccgxlh,2014-11-02 04:47:23,880,4004,665,True,2016-10-28 00:31:38,Sample tweet text olancikhyeptwicortor,#hashtag1,Twitter for iPhone,941,360,False
29,user_qvxfaoeh,Location_10,Description_snwgaegzeklq,2019-11-11 09:38:46,4227,3454,932,True,2021-10-12 01:02:38,Sample tweet text nvanqbkvnolffiqcpjac,#hashtag2,Twitter for iPhone,642,260,True
30,user_bzmswfyw,Location_6,Description_oxzdvdojxmae,2009-07-10 05:50:52,211,1298,302,True,2010-01-03 15:37:52,Sample tweet text wwprvzqmvwfzjbodknwj,,Twitter for Android,928,355,False
31,user_fsnvqhqb,Location_17,Description_zrfauvpniorp,2010-03-29 20:30:03,3387,4306,678,False,2016-03-21 09:52:56,Sample tweet text lpjhymxsdwgetrzvpvtc,,Twitter Web App,631,244,True
32,user_znzuopwq,Location_82,Description_omfnxraicqcx,2009-07-19 07:42:15,548,2426,307,True,2020-11-23 04:01:50,Sample tweet text zuntfbwicagysuncmfel,,Twitter Web App,781,82,True
33,user_fdibtzbh,Location_1,Description_lnpxztylihkl,2004-07-29 21:47:32,6308,3882,517,False,2020-12-23 12:30:07,Sample tweet text bkbyzpinmnvgfuxohyvi,,Twitter for iPhone,232,252,True
34,user_enxtwjjn,Location_62,Description_njjrecyabhyt,2022-11-20 14:49:44,260,3505,536,False,2024-06-06 18:04:53,Sample tweet text shsfnboonxbxsjufhkjk,#hashtag3,Twitter for Android,966,284,False
35,user_qcnpiecc,Location_68,Description_biozgnhjbuqw,2004-05-01 05:48:02,7540,1883,497,True,2010-09-01 09:59:11,Sample tweet text eruohdecxdkozyizshma,#hashtag2,Twitter Web App,691,255,True
36,user_iytxreuo,Location_87,Description_liszuelbdchr,2017-04-29 02:22:13,6892,1166,148,False,2022-07-29 04:29:48,Sample tweet text kkddtaogeklnfrhpjbpd,#hashtag3,Twitter for iPhone,311,202,False
37,user_rbfarxaj,Location_25,Description_etnluemcmdcf,2023-03-09 01:43:59,5196,780,549,False,2024-01-06 13:36:03,Sample tweet text rikmdhdoexsudbxqripl,,Twitter Web App,215,114,True
38,user_mxgqnquh,Location_97,Description_esllbojoagoo,2007-08-30 19:31:46,8592,799,457,True,2009-04-18 04:57:37,Sample tweet text saijxgnyzjsmosshvijn,#hashtag2,Twitter for iPhone,708,307,True
39,user_jgmentlb,Location_37,Description_mxjmcequiwae,2024-12-28 18:46:11,4968,407,526,False,2024-12-30 07:40:27,Sample tweet text ufnmykhfpgtvcrfjqsmi,,Twitter for iPhone,689,465,True
40,user_bjjdmrzr,Location_16,Description_tsbcbwbsyvtp,2023-03-18 03:43:06,6594,3786,234,True,2024-12-29 20:05:00,Sample tweet text ejujbylsbzuhuvsailbb,#hashtag1,Twitter for Android,980,147,True
41,user_aseitekp,Location_85,Description_tsiguudtxtqa,2018-09-27 10:06:39,5584,1822,944,False,2023-09-14 09:13:35,Sample tweet text tamjligrruozwazxqybx,#hashtag3,Twitter for Android,621,265,False
42,user_plamyylh,Location_66,Description_nxsewqkhnnng,2020-08-04 13:32:18,130,3357,277,False,2023-10-16 08:01:38,Sample tweet text oixuswzeakypcgvcmjka,#hashtag1,Twitter for Android,247,83,True
43,user_chyhtiqt,Location_53,Description_yjwjpuxqhsnf,2000-03-17 01:30:04,4696,1597,564,False,2017-08-03 09:45:40,Sample tweet text lrppepwujxorhazhgwnz,,Twitter Web App,372,387,True
44,user_gbtdfjsu,Location_24,Description_gqzwaqawgqls,2019-04-29 09:16:30,1558,4193,745,False,2020-10-06 00:30:30,Sample tweet text npqjdlrpnjzfukdkkdov,#hashtag2,Twitter for Android,501,43,True
45,user_esdltwvz,Location_89,Description_bacezkfxzvpz,2020-03-20 01:26:14,4241,1834,271,False,2021-03-17 08:55:13,Sample tweet text dzmpsszjtoecbsonlcha,#hashtag2,Twitter for iPhone,430,360,True
46,user_srehdzaj,Location_75,Description_zjpevflbvcje,2015-07-29 20:47:11,3163,4943,762,False,2022-06-09 19:39:53,Sample tweet text hrljdlepxxlavpatzotd,#hashtag1,Twitter for iPhone,179,396,True
47,user_lipkbijf,Location_100,Description_osxmkvycnbdk,2005-01-05 06:17:45,7487,476,536,False,2020-10-21 09:28:19,Sample tweet text nicoennnseuqvqadpeak,,Twitter for iPhone,146,18,True
48,user_fpwzgvmb,Location_91,Description_rpvdzpeafydr,2008-05-01 07:20:21,4124,723,779,True,2017-10-14 08:08:02,Sample tweet text lmivktjkuoigkgciwsjo,#hashtag3,Twitter for iPhone,43,310,False
49,user_edxgazhb,Location_67,Description_aozikdvaaadh,2006-07-13 02:18:56,6673,2189,496,True,2015-09-16 13:37:45,Sample tweet text ualrgextvqeysvpluukc,#hashtag3,Twitter for Android,619,302,True
50,user_yvgjisaa,Location_13,Description_gogafynwimnz,2005-11-02 08:59:56,2617,1881,267,True,2013-02-17 01:08:55,Sample tweet text lkbdfzesdjyqcwhpxhyj,#hashtag3,Twitter for iPhone,844,474,True
51,user_xrrihgzb,Location_16,Description_zimvotirpvkw,2017-01-06 08:56:29,2426,1637,649,True,2018-01-10 18:24:11,Sample tweet text fzlsktnrvxmgopzwxwlr,#hashtag3,Twitter for Android,350,131,True
52,user_jpjufckf,Location_54,Description_hcsbbgiolbny,2014-04-25 13:47:54,5940,2044,46,True,2023-04-11 03:28:58,Sample tweet text pkqmwizjwdtbvcyokojx,#hashtag2,Twitter Web App,448,90,True
53,user_dcokhgfq,Location_2,Description_uxuutnymvokj,2006-03-01 11:57:01,4926,510,624,True,2024-01-22 03:35:55,Sample tweet text dyuvigilpsefhanudrwx,,Twitter Web App,831,145,False
54,user_ngltsfgp,Location_21,Description_xndjxukucjqg,2010-07-25 23:20:19,7190,1539,669,True,2021-12-21 23:55:54,Sample tweet text tglefubtumuiujxkmxag,,Twitter for iPhone,240,56,False
55,user_todssyvm,Location_71,Description_kkhayykngoor,2010-07-21 01:33:30,5340,3770,448,True,2024-09-07 16:49:11,Sample tweet text exyutedzmzdqpltkgehg,#hashtag3,Twitter for iPhone,575,94,False
56,user_divaxuiv,Location_8,Description_klqgmcouoiyc,2014-05-28 23:52:29,7787,3671,32,False,2017-08-29 23:42:43,Sample tweet text hpivrksuupwmiqdxxlfn,#hashtag2,Twitter for Android,977,141,False
57,user_zhhnpmcf,Location_58,Description_vehqqoztnyub,2024-03-04 02:39:54,2657,3731,138,True,2024-10-24 09:25:18,Sample tweet text khvjqmnkkkvospiaecjn,#hashtag3,Twitter Web App,668,233,True
58,user_ilolbvhm,Location_57,Description_yynearorevzv,2014-12-25 12:09:38,973,1449,152,True,2015-08-22 21:42:51,Sample tweet text rhsmynptpoeyyydufqmb,,Twitter Web App,790,230,False
59,user_ahnxgohz,Location_30,Description_kpvyjvjkmrhh,2021-10-25 11:34:44,7998,452,800,False,2022-03-09 23:20:10,Sample tweet text kobbizgrjytrfqilhpgn,#hashtag1,Twitter Web App,534,348,False
60,user_lyusqipl,Location_32,Description_lkiqifhcucgo,2008-11-13 14:36:20,5834,594,443,False,2012-09-29 23:22:12,Sample tweet text xawewyezpmspeeytsrrb,#hashtag1,Twitter for iPhone,242,44,False
61,user_rpuwycrn,Location_70,Description_uibwranazmgj,2005-02-03 20:09:59,5486,1652,861,False,2021-08-31 01:07:17,Sample tweet text xilwhzayldvjbxizuapf,,Twitter for Android,816,498,True
62,user_mgnnbapg,Location_85,Description_ufuatcorxcwv,2007-04-16 13:33:37,5763,3864,309,False,2024-06-19 11:42:00,Sample tweet text mczqcheyaljifewfbjrg,#hashtag3,Twitter for iPhone,382,252,False
63,user_oljlgtxf,Location_65,Description_ybmkdigdiskv,2008-09-09 04:03:51,4840,1445,421,True,2008-10-09 06:54:11,Sample tweet text ddrqiuhhnqfpgjjfkujl,,Twitter for Android,784,261,False
64,user_nfxyqcen,Location_84,Description_mokktphkdbek,2008-12-17 22:51:31,3354,2583,528,False,2023-11-23 10:44:33,Sample tweet text hrkcomdkhefhehjonjkk,#hashtag1,Twitter for iPhone,943,266,True
65,user_cboniqkg,Location_89,Description_xpvjdpspdeix,2024-06-16 10:45:50,7788,975,670,False,2024-08-03 13:27:56,Sample tweet text jimbjwhxzvinhqcztydf,#hashtag2,Twitter for Android,193,354,False
66,user_sxiirpbr,Location_87,Description_nciobqmlyqiw,2016-12-10 00:59:03,6715,86,153,False,2023-07-04 10:43:16,Sample tweet text tqezogncrqqcmismzqho,,Twitter for iPhone,56,301,False
67,user_yrheadau,Location_67,Description_prldyvimwmqa,2021-04-16 15:12:32,714,417,288,False,2023-11-15 04:31:24,Sample tweet text atvpmbsrdtkzhzhbfktd,#hashtag1,Twitter for iPhone,588,463,False
68,user_dacwiyhb,Location_92,Description_zmcrczhhsnhk,2015-06-29 23:35:57,8646,1144,320,False,2019-11-21 23:52:43,Sample tweet text heerdguscqrkrdzswefi,#hashtag3,Twitter Web App,330,108,True
69,user_akhrkofx,Location_26,Description_lhzzeeuaadrn,2019-11-08 18:23:05,7678,4888,885,True,2021-07-10 08:07:58,Sample tweet text quwrrhfphlcehlgzbhbu,#hashtag3,Twitter Web App,279,335,False
70,user_xdrellos,Location_35,Description_fmgplxhgmhoc,2009-07-22 07:57:11,515,1967,284,True,2018-10-31 12:44:33,Sample tweet text qrqeinyeccpiyyzbpfsd,,Twitter Web App,662,319,False
71,user_qccphdug,Location_67,Description_iraigzdhjvww,2024-03-31 07:33:47,8768,2437,400,False,2024-12-24 22:39:00,Sample tweet text rarjjzwuziymxeugaecc,#hashtag2,Twitter for iPhone,680,297,True
72,user_efodykba,Location_64,Description_ktpvbdjqoszn,2019-09-25 21:48:52,1627,3186,785,True,2020-02-15 07:55:58,Sample tweet text wlvrjmcbgxevrrrbfwqz,#hashtag2,Twitter Web App,506,78,True
73,user_ohwrezcg,Location_72,Description_kocknldflaoi,2022-09-06 05:45:49,6663,2740,665,False,2023-12-26 15:23:21,Sample tweet text pqyohztoyhupndqvmkna,#hashtag1,Twitter Web App,153,359,False
74,user_ngmeztgt,Location_87,Description_cwdomsgovmkk,2005-07-06 10:58:23,8281,3415,792,True,2021-11-03 02:36:04,Sample tweet text afjgjzdwfhkalqxgrnha,#hashtag1,Twitter Web App,723,260,False
75,user_moctfwug,Location_18,Description_rijvwjpwzeca,2008-01-18 03:13:58,8028,3365,735,True,2018-05-22 01:47:59,Sample tweet text papdwhjkaqfptcxgkwcu,#hashtag3,Twitter for Android,682,94,False
76,user_jzvdvfsg,Location_33,Description_fxizmcatnnox,2012-10-14 12:27:27,2309,1359,664,True,2014-05-21 07:21:09,Sample tweet text tkzinipngpezwhfqlhjg,,Twitter for iPhone,19,163,True
77,user_mqvmcatv,Location_23,Description_nklxmlsbluvk,2005-03-19 04:16:17,7695,920,176,True,2008-01-08 04:35:59,Sample tweet text ldmussubrffcyletxakd,#hashtag2,Twitter Web App,154,261,True
78,user_lixneeob,Location_18,Description_ohmalsoowbqj,2003-09-20 21:54:27,3712,4662,889,False,2016-07-02 07:05:20,Sample tweet text wojogcasfjeluejnxywm,,Twitter for iPhone,319,191,False
79,user_qkrnsbos,Location_59,Description_somksuxqsnjf,2016-06-25 18:00:01,8978,1935,812,True,2019-07-09 17:00:44,Sample tweet text xdqkogqbmoxjuykitysf,#hashtag3,Twitter for Android,751,115,True
80,user_hziwikwv,Location_57,Description_hqevqxylsogd,2002-08-20 10:32:34,9885,1697,903,True,2020-05-22 23:46:09,Sample tweet text lcshqhnuosxhfjzmebai,,Twitter Web App,370,313,True
81,user_mdqvneai,Location_90,Description_vxtfwnrvbwdw,2021-01-29 20:53:42,4079,4131,780,False,2024-05-26 21:28:55,Sample tweet text tddghrpvdaccrdevvonc,#hashtag3,Twitter for iPhone,43,304,True
82,user_aczftoho,Location_1,Description_dkuehkljiklv,2003-08-10 15:07:43,4384,2513,658,False,2022-12-09 10:04:27,Sample tweet text ewtztmbdbwngpwujzsac,,Twitter for iPhone,690,361,True
83,user_jqbcahto,Location_80,Description_puojqsxpzahn,2017-02-27 17:02:42,6789,2997,384,True,2023-09-17 01:42:16,Sample tweet text bzmmneroxfbzpnbzmtcm,#hashtag3,Twitter for iPhone,331,313,False
84,user_cvajalvm,Location_64,Description_ckygnrpmoztp,2005-02-08 02:15:49,8952,1445,422,False,2019-02-09 23:47:52,Sample tweet text phvkgmboqtqvkdvmbvox,,Twitter for Android,361,248,True
85,user_lpcdxbry,Location_31,Description_mbgxooxxqmgu,2022-12-14 14:23:50,771,4163,694,False,2023-07-06 06:14:56,Sample tweet text oajfitssyffiggbeqovf,#hashtag1,Twitter for Android,863,402,True
86,user_escxtxnn,Location_57,Description_apzxsdejoqni,2011-11-04 08:39:11,7598,913,270,False,2016-07-12 00:10:12,Sample tweet text jzegnewxrfsjrvzilzys,#hashtag2,Twitter for iPhone,941,66,True
87,user_pawcyotg,Location_97,Description_ttwjqwyxxxbr,2010-11-26 21:08:30,9974,2959,688,True,2023-03-23 11:47:27,Sample tweet text gyynkrruytgcyykafdep,,Twitter Web App,30,288,False
88,user_swzehzja,Location_43,Description_tprlzmkqwwxa,2005-04-08 21:42:04,1939,2254,213,True,2021-01-04 17:19:51,Sample tweet text afpjqhcdkxrasqcdabeo,,Twitter for Android,95,251,False
89,user_duohaqxa,Location_6,Description_ihxtdmrpwqnb,2012-12-15 13:22:08,5978,3287,609,True,2024-04-27 17:33:29,Sample tweet text pidhjcxbmbivsoenomuu,#hashtag3,Twitter for iPhone,670,270,True
90,user_acccznnd,Location_59,Description_exuqrlebcbmq,2023-05-06 18:35:09,4982,1576,195,True,2024-05-13 11:59:19,Sample tweet text vtvtpioqytiyhoyessdq,#hashtag3,Twitter for iPhone,381,14,True
91,user_hqldxaya,Location_69,Description_wzkaxsgptlmy,2012-06-01 14:17:02,3699,181,734,False,2023-01-19 01:45:23,Sample tweet text glvjwrbccrkvprzpzava,#hashtag3,Twitter Web App,954,429,True
92,user_xxwwrjyy,Location_15,Description_srzdfyjyqllg,2016-04-05 03:21:06,5355,1977,438,True,2021-01-11 03:51:04,Sample tweet text gemadejofaguoaigrbkf,,Twitter for iPhone,929,85,False
93,user_yesuurbz,Location_12,Description_gcbaxiseffuu,2019-06-14 05:47:07,6603,3560,545,True,2022-07-27 14:58:53,Sample tweet text asagxmiqftifrqvddtwa,,Twitter Web App,120,130,False
94,user_ajgmzzne,Location_47,Description_hllngtghharx,2015-04-08 22:25:50,4707,356,999,True,2019-01-18 23:04:38,Sample tweet text ypavucluqgvxvxktqksr,#hashtag2,Twitter for iPhone,622,400,True
95,user_dhxmwxvj,Location_42,Description_hcxvgoajufdx,2006-11-27 18:51:55,5523,3765,127,True,2007-11-18 15:48:42,Sample tweet text vseaxctlhcvxmwtucscc,#hashtag3,Twitter Web App,827,313,True
96,user_qrwpivtl,Location_26,Description_akdymezhjvwr,2012-12-22 12:02:39,6874,2364,434,True,2014-02-20 04:33:12,Sample tweet text lczawsyuaimqmjrwgkhh,,Twitter Web App,87,227,False
97,user_mhuegman,Location_84,Description_czhteneoqtor,2012-09-30 18:56:00,6627,1872,545,True,2019-06-10 10:32:28,Sample tweet text zqgkaainuizwldwtlwvu,#hashtag1,Twitter for iPhone,588,296,False
98,user_dmgxokwn,Location_53,Description_hnzganhharxh,2009-10-18 18:26:26,2850,2728,276,False,2018-06-15 07:19:51,Sample tweet text whxxzgxeqqubzjpbkylf,#hashtag3,Twitter for iPhone,444,170,True
99,user_abcuxcli,Location_83,Description_slxoapvvhhqw,2004-10-22 15:06:13,7194,2910,353,True,2009-01-02 00:17:16,Sample tweet text mcruewmiyqdywbgibpbl,#hashtag2,Twitter for iPhone,390,430,False
100,user_xmdtcldr,Location_83,Description_djpgdweaplja,2002-05-11 20:47:52,1033,3339,758,False,2022-12-13 23:50:50,Sample tweet text fvihodtmseokrjljstxf,#hashtag2,Twitter Web App,760,58,False
101,user_urzvherr,Location_74,Description_lrgozoclbhtu,2010-06-29 19:06:32,8452,456,287,False,2019-04-18 01:30:51,Sample tweet text bpjgbccjaelwjniltqzi,,Twitter for iPhone,598,202,False
102,user_xrrblkrs,Location_18,Description_rfocjprrrljb,2023-06-13 00:35:16,3669,1128,187,True,2023-12-11 15:59:43,Sample tweet text ojuwqqvqnpcwxbyeueuv,#hashtag2,Twitter for Android,833,134,True
103,user_vcqagoqv,Location_60,Description_pvhaykyfjcch,2013-07-09 14:19:53,2898,1502,726,True,2016-07-10 17:28:31,Sample tweet text fqlkvifbnuowbckkaxae,#hashtag1,Twitter for iPhone,583,402,False
104,user_tcebnjdv,Location_67,Description_lgkuirkdfkbe,2023-07-15 10:36:38,3894,1006,237,True,2024-06-11 20:56:30,Sample tweet text fcrvvxsjrwotzzymaidj,#hashtag3,Twitter for iPhone,995,99,True
105,user_wkwoolgr,Location_98,Description_kmerkxrlspmz,2002-06-07 16:46:41,7964,165,983,False,2018-05-14 14:18:00,Sample tweet text wzjdnxfpxramripdaurw,#hashtag2,Twitter for iPhone,337,134,True
106,user_zqveibak,Location_59,Description_brquzlajyejx,2000-10-12 08:25:22,3929,4603,114,True,2007-06-23 06:55:42,Sample tweet text zpzkztdjgmmtoabwampm,#hashtag1,Twitter for Android,642,173,False
107,user_pgmwjcnx,Location_32,Description_yxtyvanvszoj,2012-06-15 05:05:38,8361,2134,924,True,2013-05-22 23:11:19,Sample tweet text szrmgadukdgvhkjhgpdq,#hashtag1,Twitter Web App,64,75,False
108,user_shizkfgv,Location_23,Description_aozatzdlfrxy,2014-03-03 09:44:31,4515,3335,994,True,2020-07-29 08:02:32,Sample tweet text nskgoxymtbdzugqhiows,#hashtag3,Twitter Web App,446,415,False
109,user_fhdudwtq,Location_33,Description_wauwlzzxwggb,2018-01-27 05:36:38,8917,1523,168,True,2024-03-31 11:15:02,Sample tweet text ikiauudeemfxturnhart,#hashtag2,Twitter Web App,959,230,False
110,user_ihejvdbs,Location_28,Description_ovvqhpuergfe,2001-06-30 08:23:55,7253,3853,372,False,2018-12-11 16:47:24,Sample tweet text jhttxbamfyxzrazawgdr,#hashtag2,Twitter for iPhone,177,84,True
111,user_ghmeobti,Location_5,Description_favexxsyreww,2001-07-25 20:08:43,9352,4065,108,False,2005-10-27 21:53:46,Sample tweet text dhxtxkrgyfhibvchbdxh,#hashtag1,Twitter for Android,561,471,True
112,user_xvimizca,Location_69,Description_grwyxhbzrwtz,2010-11-18 17:15:49,2695,2546,490,True,2019-09-26 03:26:15,Sample tweet text xughsuhseulrdrayprnk,#hashtag3,Twitter for iPhone,451,178,True
113,user_unztiure,Location_59,Description_flumrrhqwmoq,2017-03-13 02:08:51,4364,3956,957,True,2024-02-11 09:31:56,Sample tweet text zhezvfpfocrjivownhqr,#hashtag3,Twitter for Android,750,141,False
114,user_lqrcaywn,Location_84,Description_cwdkvviwbnum,2023-01-08 06:34:26,8850,602,464,True,2024-07-19 02:11:21,Sample tweet text xvyxmkjrsuroxoxscuvy,#hashtag3,Twitter for iPhone,223,392,False
115,user_mokjasgy,Location_96,Description_csruadlessrw,2001-06-29 23:03:59,4732,3022,767,True,2011-08-08 21:24:47,Sample tweet text svaexcwvfaefchbqnhix,#hashtag1,Twitter Web App,823,430,True
116,user_laiecbsy,Location_55,Description_qtgkrcrsxocn,2022-04-12 01:55:19,3565,2918,356,True,2023-08-21 04:17:25,Sample tweet text vvymjjrlgmydwtdmtlsq,#hashtag3,Twitter Web App,260,448,False
117,user_gzaxhekj,Location_58,Description_xkzfzzirwkis,2023-04-11 11:22:23,2981,4087,115,True,2024-07-11 12:09:04,Sample tweet text hwjrivqewnphtbmnxzss,#hashtag3,Twitter for Android,678,485,True
118,user_lkuqsafc,Location_66,Description_tgrozzaldqxz,2020-05-15 11:46:38,6801,623,600,False,2023-07-03 16:38:57,Sample tweet text nixowmtrdptpbuwwqasl,#hashtag2,Twitter for iPhone,376,286,True
119,user_jjyxwfhw,Location_23,Description_yitxaywcaglb,2004-12-19 14:19:34,468,3483,827,False,2016-06-21 07:42:56,Sample tweet text telrdniixgrpvlcsasqf,,Twitter for iPhone,43,469,True
120,user_ewtvvpia,Location_44,Description_mfidsinzfhcu,2016-05-16 07:51:25,6559,2631,823,True,2021-01-27 22:56:00,Sample tweet text crvxjzwavybzpexzgxod,#hashtag2,Twitter for iPhone,517,479,False
121,user_xqzohcrz,Location_81,Description_yxvglrvwlmzl,2022-09-08 23:12:13,7406,3359,95,True,2024-07-03 17:55:04,Sample tweet text kyfnugsooyyjidvrdozg,#hashtag3,Twitter Web App,658,480,False
122,user_kmdqlnfy,Location_19,Description_esjlsfdcldrr,2011-04-23 17:12:18,8330,2488,832,False,2019-08-25 04:56:46,Sample tweet text gunleefejpintrgapkkx,#hashtag1,Twitter for Android,651,493,True
123,user_udfudxfk,Location_47,Description_tfgffidowxto,2018-11-08 21:43:22,3660,2088,499,False,2022-03-22 06:24:50,Sample tweet text ccuhedyxitnpmxhpnasn,#hashtag1,Twitter for iPhone,44,31,False
124,user_pfaltvyq,Location_48,Description_eyuhufmleffy,2014-07-27 10:31:22,1299,2014,829,True,2015-09-10 05:35:17,Sample tweet text dutstnuckcshfsckrnii,#hashtag3,Twitter for iPhone,800,72,False
125,user_xhgkricb,Location_81,Description_yowrxcvuwifn,2007-10-20 15:48:54,3667,463,566,True,2017-11-18 13:38:19,Sample tweet text zpvqygaqdmztfuqbbpdk,#hashtag2,Twitter for Android,78,261,True
126,user_clezvvem,Location_27,Description_srwfcutcdbbw,2006-11-01 07:18:29,740,2283,390,False,2021-12-21 00:12:44,Sample tweet text jywoppktjhulxraxojzn,#hashtag2,Twitter Web App,622,381,False
127,user_jffpoatr,Location_80,Description_qwwgbjjnikye,2018-09-14 17:48:25,3338,4614,742,True,2024-04-12 10:00:35,Sample tweet text ucdgaqnxevhidgoyzblr,#hashtag3,Twitter for iPhone,200,169,False
128,user_onuvhnup,Location_88,Description_xlgopcdumlee,2000-09-05 17:33:09,8450,3294,137,True,2014-04-16 17:23:01,Sample tweet text zskvjwzfiuxrnelfehim,#hashtag1,Twitter for Android,574,272,True
129,user_xwrobjdk,Location_8,Description_patvpisqajxq,2008-10-19 09:27:36,4843,2666,871,False,2008-12-01 08:06:55,Sample tweet text rneusvfgbyiegwaaiyna,,Twitter for Android,66,355,True
130,user_oglsjfxy,Location_88,Description_jeegpzuiubqe,2017-12-27 04:19:32,6034,1829,320,False,2018-06-11 01:02:22,Sample tweet text dtzxqwzigyhixpxdaodp,,Twitter for Android,983,358,False
131,user_nzngqwkl,Location_3,Description_ybbpnavxccgr,2012-12-03 22:11:46,5856,4404,390,False,2022-04-26 18:15:07,Sample tweet text opzraptsxwpgzmmvahox,,Twitter for Android,305,381,True
132,user_uokczxtj,Location_72,Description_avbsesmhpbzr,2010-07-18 13:15:03,3769,182,864,False,2013-07-13 07:51:30,Sample tweet text lanogfnipdvgbklbrhrv,,Twitter for iPhone,954,302,True
133,user_zcshjvmj,Location_19,Description_eiqghfjbryvr,2007-12-04 16:34:45,9608,3495,300,True,2020-06-19 16:54:32,Sample tweet text wfxfioohdvewqmgfgfpa,,Twitter Web App,586,315,False
134,user_hzjnbweq,Location_40,Description_jhfwiopoenjh,2001-09-17 06:22:53,3288,4063,327,True,2012-07-27 05:29:00,Sample tweet text fefvkgukofaagwyyghmi,#hashtag1,Twitter Web App,608,32,True
135,user_wstvmasv,Location_3,Description_rxnqexmbtcnc,2021-03-01 04:05:13,2038,1037,481,False,2024-12-07 11:26:02,Sample tweet text edlnpdcrbtniagalbukn,,Twitter for Android,724,442,True
136,user_ryfgmbmg,Location_43,Description_qnypdmsijoay,2001-12-27 06:26:40,5599,3288,131,False,2020-01-17 08:38:43,Sample tweet text vdwimlwlnrmtiqmflzfi,#hashtag2,Twitter Web App,546,13,True
137,user_igorkgpi,Location_48,Description_pjdtyseauqev,2013-06-22 07:10:53,2303,1400,181,True,2019-07-06 14:57:33,Sample tweet text uvqgpqcaeortlqohjmut,#hashtag3,Twitter for Android,330,277,False
138,user_qnyqehjq,Location_76,Description_rgtamlqqybel,2010-08-03 04:59:35,8845,131,360,True,2024-05-17 13:09:46,Sample tweet text zmnqoiqdptscvgqpujrm,,Twitter for Android,731,225,False
139,user_nwxrlhbe,Location_53,Description_txvvuyvxvoke,2023-08-21 05:29:06,3488,2338,80,False,2024-05-18 02:55:43,Sample tweet text xwpvkomyikunfwkreonx,#hashtag3,Twitter for Android,371,162,False
140,user_pfdxjyop,Location_85,Description_ggdqmksnyely,2019-06-07 10:03:19,8,3789,466,True,2019-09-25 02:13:47,Sample tweet text iscsxvwahcyozeiqxajw,,Twitter for iPhone,165,147,False
141,user_vzqyiajn,Location_57,Description_zzadvszouzvb,2017-04-10 19:05:06,4405,124,10,True,2018-03-13 00:13:42,Sample tweet text eidfxyoapjzqmnnniymz,#hashtag3,Twitter for iPhone,585,41,True
142,user_dopdficd,Location_42,Description_nlrqutuwhufm,2006-05-03 02:47:38,8993,1239,151,False,2021-05-13 05:58:20,Sample tweet text hnchutstitgpvgrccseu,#hashtag3,Twitter for iPhone,872,127,True
143,user_qowylslz,Location_63,Description_oxrkwdkydysu,2003-03-16 07:25:30,1866,4483,849,True,2011-11-25 19:25:31,Sample tweet text oszwvjgviqyqqyodsjcu,#hashtag2,Twitter for iPhone,821,394,False
144,user_hlvkoiak,Location_74,Description_kwoumzrpdinj,2004-10-03 13:03:03,283,4027,504,True,2005-12-03 08:07:52,Sample tweet text abvxpevxferwsucomkty,#hashtag2,Twitter for Android,633,313,False
145,user_rfqmgoxj,Location_92,Description_rdblmhtzpvjy,2018-05-15 08:35:37,6133,1040,939,False,2018-05-18 15:29:36,Sample tweet text mdcxzudimvapuiyqhsrm,#hashtag1,Twitter for iPhone,791,1,True
146,user_cqepuuzo,Location_5,Description_pwnkpqigfuyl,2018-12-22 13:19:01,5384,529,338,False,2024-02-26 20:32:58,Sample tweet text cfjeywwmrlznfbfkbslu,,Twitter for Android,568,138,True
147,user_dtkmatyf,Location_92,Description_fluubrjogxmt,2023-06-08 01:44:30,8366,491,688,True,2024-03-18 01:22:44,Sample tweet text ldapxictonrmkrkhnrkp,,Twitter for Android,697,267,False
148,user_ftjlwzhz,Location_28,Description_edzxodzdmwzg,2016-10-13 17:16:44,9974,1040,433,True,2020-01-31 20:30:14,Sample tweet text kdfjwybeffudluiwupzz,#hashtag2,Twitter for Android,849,195,False
149,user_clbyojuj,Location_32,Description_mplzgwxbnxfs,2018-05-15 01:35:40,2450,143,197,False,2019-11-11 21:29:01,Sample tweet text gioztblownxzmgxecoze,#hashtag3,Twitter for iPhone,219,353,False
150,user_dliuqszb,Location_19,Description_cnrucbjdlrua,2010-12-09 04:22:55,2005,4006,739,False,2021-09-20 20:03:40,Sample tweet text qpxvytxgmpziicachsbh,,Twitter for Android,904,413,True
151,user_vbkkmbqq,Location_37,Description_nypcwuxqwgyn,2016-09-27 08:01:08,8963,4175,869,True,2021-02-17 15:48:48,Sample tweet text shhtaawmfhqnujdjiwti,#hashtag3,Twitter for iPhone,483,29,False
152,user_zillelgu,Location_48,Description_jemqjalgfygh,2021-03-29 17:20:30,1119,18,428,True,2021-06-27 18:51:33,Sample tweet text oxoyswvqyyzczxwjidmt,#hashtag2,Twitter for iPhone,977,73,True
153,user_kntjcanm,Location_10,Description_ooiyqskhlaax,2022-05-02 05:41:57,9988,2386,280,False,2023-10-28 04:34:40,Sample tweet text xuvtqcxphainjbcekktd,#hashtag1,Twitter for iPhone,267,21,False
154,user_swasuyay,Location_1,Description_gspgpucycgya,2019-07-28 03:47:27,934,110,675,True,2021-04-21 00:33:58,Sample tweet text kzwrjpzdgpuwhbwdupay,#hashtag2,Twitter for iPhone,928,162,True
155,user_hqmddips,Location_95,Description_ilgzinorntsy,2009-01-30 23:43:39,2869,2292,344,False,2020-03-15 07:19:15,Sample tweet text gcqcfyazgzujzwzolzyf,#hashtag1,Twitter Web App,772,396,False
156,user_sbpikcau,Location_97,Description_bjbnanusdhpu,2003-10-01 16:55:24,3988,2504,282,False,2010-07-16 15:16:57,Sample tweet text qbscirqzpnvgmaedonxf,,Twitter Web App,413,356,False
157,user_ialwaiil,Location_97,Description_nkysgbestakk,2020-04-27 04:53:50,6735,2378,848,False,2023-09-16 09:18:34,Sample tweet text dspvnneueidapgnaaxmd,,Twitter for iPhone,108,262,False
158,user_tfmdsapi,Location_7,Description_akodqaueuubl,2003-08-27 10:51:56,3513,1459,467,True,2022-12-06 19:29:46,Sample tweet text crtlbavngueixovylfsc,#hashtag3,Twitter for iPhone,448,71,True
159,user_lozuftqx,Location_54,Description_yqjrtdjdvcez,2016-07-03 08:52:36,8937,721,243,True,2021-11-07 01:58:49,Sample tweet text bcbmqpyxdqmplaxfpfow,#hashtag1,Twitter for Android,407,131,True
160,user_qxbzfixt,Location_21,Description_wpeetmdwswha,2004-10-05 23:33:12,3904,3676,610,False,2007-02-09 08:46:32,Sample tweet text hfudldyculwuwrgynjun,#hashtag3,Twitter for iPhone,385,132,False
161,user_qlxypjsv,Location_72,Description_fnpdvthvherv,2023-12-19 08:33:28,401,2997,375,True,2024-02-06 01:47:27,Sample tweet text yqlcaqhhexiwiadssuac,#hashtag2,Twitter for Android,772,431,False
162,user_ssyqkhiu,Location_74,Description_tfhlxevlhugc,2011-08-14 18:48:01,6613,4242,84,True,2015-10-08 18:56:36,Sample tweet text pncitegtzwmxraqvfzhs,#hashtag3,Twitter for Android,88,270,True
163,user_wkcoyrep,Location_73,Description_iykckwgrgjlc,2013-05-29 05:46:56,8417,2663,796,False,2022-03-04 03:53:39,Sample tweet text npnkeyodlylchborwlrg,#hashtag1,Twitter for iPhone,904,77,False
164,user_nutvrgno,Location_53,Description_onpgmzwebpkp,2010-07-17 06:53:31,4520,4457,431,False,2019-09-10 21:12:41,Sample tweet text tvmthvvsaembphujvnjr,#hashtag3,Twitter Web App,215,234,True
165,user_rclkzija,Location_81,Description_ffaadjunhffl,2024-02-23 03:31:16,8375,828,475,False,2024-11-26 01:55:12,Sample tweet text yhyadupffxgekxztcmxi,#hashtag2,Twitter for Android,657,160,False
166,user_poupvyjs,Location_17,Description_ysoguxtvxkxx,2024-12-18 14:41:03,2403,2936,15,True,2024-12-19 09:05:34,Sample tweet text lqqyyyacvxupgkfebiwo,#hashtag1,Twitter Web App,411,216,False
167,user_xvupvtee,Location_84,Description_nunshopnbmrv,2024-09-19 01:59:30,1036,2767,968,False,2024-10-22 15:59:23,Sample tweet text xokeyqgslzpwabupqwld,#hashtag3,Twitter Web App,776,165,True
168,user_mpvngjgz,Location_33,Description_jtugybytmmnt,2007-12-17 22:09:33,7643,1920,402,False,2023-03-25 18:59:36,Sample tweet text afqweydrwpdaqejjpzwf,#hashtag1,Twitter Web App,776,66,True
169,user_stcnerhh,Location_68,Description_jjjfhhmqorpp,2001-01-04 16:36:11,4353,4866,529,False,2022-06-09 14:04:41,Sample tweet text wjojgexhijnserecgfum,#hashtag1,Twitter for Android,46,163,False
170,user_kukqtpqg,Location_97,Description_nrvlcvwiafei,2017-09-04 17:04:32,731,637,312,True,2019-07-30 06:58:06,Sample tweet text rbjuyofedlhmqyogfwlz,#hashtag1,Twitter Web App,115,387,False
171,user_fgppksdh,Location_35,Description_kgnfuzcnpcak,2003-12-10 05:22:57,2624,3215,329,False,2021-06-14 07:52:34,Sample tweet text qerbaidtpbkhpalywdpj,#hashtag2,Twitter Web App,388,447,True
172,user_wvogfzjc,Location_4,Description_eboprjqoylyb,2000-03-07 19:46:27,9669,3235,10,True,2015-09-23 14:06:28,Sample tweet text tzoufgglzczwxucbisar,#hashtag2,Twitter for iPhone,307,372,True
173,user_khqezjid,Location_42,Description_jzcjrbxardpw,2001-01-19 19:16:50,8086,4328,520,False,2016-01-28 16:19:26,Sample tweet text mshpgqztaxmatajgqjzy,#hashtag3,Twitter for Android,649,237,False
174,user_parfqnum,Location_79,Description_ufpdkcsohwfl,2005-11-18 12:33:06,1633,4922,823,False,2006-10-17 15:29:59,Sample tweet text xlzseabufqmwqdsvfnbj,#hashtag2,Twitter for iPhone,533,485,True
175,user_gqnkxpqt,Location_9,Description_ukcveemftaqx,2001-04-15 12:46:18,4478,4051,253,False,2015-08-15 02:50:37,Sample tweet text dlgmveojnhaoepaohcfp,#hashtag2,Twitter for iPhone,617,206,False
176,user_bbipwjdg,Location_93,Description_mszijugruwtv,2001-01-11 04:38:24,227,514,581,True,2009-09-08 16:39:42,Sample tweet text zdcghituvcekokpdxslp,#hashtag2,Twitter Web App,735,90,False
177,user_ohbbeico,Location_29,Description_efcvjkfykaiv,2011-08-20 05:46:47,6693,4957,375,True,2019-01-09 04:25:31,Sample tweet text frfzeoxqgxrzoliwqmms,#hashtag3,Twitter for iPhone,292,469,True
178,user_txnhkdhp,Location_25,Description_svmjgtgyczma,2014-04-23 03:12:53,951,1285,493,False,2024-10-14 17:44:09,Sample tweet text tayphiabkvsckzswcilv,#hashtag3,Twitter Web App,302,337,False
179,user_jigriaqk,Location_74,Description_fvsiiczzavyo,2013-07-31 12:48:53,9189,2951,174,True,2021-02-24 01:29:40,Sample tweet text cuvvbxqiyyaqdmzhegmf,#hashtag3,Twitter for Android,391,313,True
180,user_pmjdxgum,Location_2,Description_shaonrycsdet,2018-03-23 00:41:32,7611,3242,410,True,2024-04-11 15:07:01,Sample tweet text zvqqyijcynuzgcldesay,#hashtag1,Twitter for iPhone,967,106,True
181,user_kagokkku,Location_4,Description_iizrpyftrcpm,2010-06-02 11:09:55,538,1759,786,True,2016-01-14 04:59:53,Sample tweet text xczsscxldjfhauiuhklo,#hashtag3,Twitter Web App,83,278,False
182,user_mlhhkgvd,Location_6,Description_wrdlksngcoge,2017-04-20 18:52:09,8472,3503,13,False,2021-05-16 11:50:26,Sample tweet text hebukbtxlgjgpaixgwuc,#hashtag3,Twitter for Android,188,219,False
183,user_pfppmexi,Location_89,Description_kolccnzfsxll,2006-04-11 15:31:37,2789,1918,871,False,2011-04-26 20:07:05,Sample tweet text pehrtujbyotspgnosiiq,#hashtag3,Twitter for iPhone,455,368,False
184,user_rfspcjpq,Location_85,Description_kscifummoqkr,2003-07-26 23:22:13,2885,2634,578,False,2024-08-10 10:09:31,Sample tweet text ctbkzfootcarmvmgecmg,#hashtag3,Twitter Web App,226,146,True
185,user_fkmcfzqp,Location_20,Description_bnuxedcytlan,2015-05-04 16:14:09,7922,4144,570,True,2016-07-08 18:27:32,Sample tweet text fhqejolswuipbwwtxwxi,#hashtag2,Twitter Web App,618,177,True
186,user_kxauagqz,Location_9,Description_jzcomxdinekk,2001-01-09 12:12:55,7795,1753,9,False,2003-10-20 03:54:20,Sample tweet text utobutpcgqqlnoutbvpc,#hashtag1,Twitter for Android,640,200,False
187,user_pekiyipo,Location_98,Description_vribdqahmlbk,2000-04-05 17:09:04,4177,1397,922,True,2017-02-08 12:45:15,Sample tweet text tkvkvovgwyhmqdlwvbui,#hashtag3,Twitter Web App,581,168,False
188,user_zlpapzbo,Location_24,Description_vahoiaoiblai,2000-01-19 03:03:43,1469,4148,859,True,2020-01-31 11:52:02,Sample tweet text qtshvyzjycbsqskqfvwu,,Twitter for iPhone,436,213,True
189,user_qmbpczwo,Location_83,Description_otfdyqlygyjo,2009-08-05 08:15:43,3291,4292,803,True,2021-09-08 18:07:51,Sample tweet text tucooxelodsdtlclkktt,#hashtag3,Twitter Web App,691,413,True
190,user_rmbzqdip,Location_24,Description_kpqfuntbtunn,2022-06-09 08:49:54,7749,1015,469,False,2022-09-14 00:58:23,Sample tweet text tbrkgvriyyupuhcfetoi,#hashtag3,Twitter Web App,893,288,True
191,user_lutcpwfc,Location_42,Description_hoshvkiiuykg,2016-01-31 20:05:21,5393,2039,601,False,2021-01-09 22:08:16,Sample tweet text ydhrgnagzlljskizntcy,,Twitter Web App,711,19,False
192,user_lonqdgww,Location_4,Description_ijxsplysedzj,2006-03-19 11:39:35,1451,4737,239,True,2016-02-01 15:44:20,Sample tweet text unmgytlwmydrftrazcna,#hashtag1,Twitter for Android,421,85,True
193,user_irtafkwy,Location_45,Description_opmuatunzzqf,2008-09-10 13:57:37,4998,4108,424,False,2021-02-09 15:40:32,Sample tweet text dygcesnqmxghajrtbkjb,#hashtag3,Twitter for iPhone,798,427,False
194,user_gcpyhjbe,Location_66,Description_ubzqqtkehvnc,2023-01-17 18:16:08,7602,1580,728,False,2024-09-21 17:09:52,Sample tweet text bvtjqxgbzghbqruryeyn,#hashtag1,Twitter for Android,111,170,True
195,user_obyoyksp,Location_42,Description_ztvcnixvjzni,2010-10-10 07:20:19,4861,4605,926,False,2020-01-15 20:17:12,Sample tweet text wdasgqlhnpaybfkfzjmc,#hashtag3,Twitter Web App,431,72,False
196,user_jheqamyo,Location_42,Description_novxhxemtpss,2010-03-30 14:12:01,7917,719,246,False,2012-12-01 11:25:27,Sample tweet text ekyjswbatcidlfhwqeye,,Twitter Web App,11,97,False
197,user_jmexadwz,Location_72,Description_dpvravutizlf,2002-05-03 11:59:35,2181,1157,502,True,2011-11-21 08:11:33,Sample tweet text hropkyvhcloazpgvnljt,#hashtag2,Twitter for iPhone,677,221,True
198,user_lxajhknh,Location_35,Description_zovlyenkrjcj,2003-07-12 12:09:10,150,127,873,False,2006-09-01 01:21:11,Sample tweet text atfjuloyhrsqqbsqdoyu,#hashtag2,Twitter for Android,560,291,False
199,user_ohapyfhc,Location_67,Description_zcskssxagsnk,2022-01-28 05:10:35,653,538,311,False,2023-02-18 11:59:07,Sample tweet text mypmzmykoapxlrohrxmz,,Twitter Web App,852,76,True
200,user_hvsebngh,Location_69,Description_gtxkbdjlslou,2020-07-06 00:20:04,78,3318,993,True,2022-01-03 23:33:28,Sample tweet text ukuthtkioxeorshujuuw,,Twitter Web App,528,302,True
